customer_id,name,postal_code,email_address,home_address,plan_id
1,Brian Smith,29719,jacqueline05@example.com,"6720 Jerry Motorway Apt. 379, Allentown, WA 87940",3
2,Jo Poole,55460,sgibson@example.org,"8143 Smith Valleys Apt. 245, North Reneeport, ID 50037",3
3,James Morris,83923,davidcalderon@example.com,"221 Robert Union, New Cindy, FM 22413",2
4,Robert Burke,14074,smithalicia@example.org,"23382 Moore Land, Davidberg, FL 18453",5
5,Melanie Haas,65464,khamilton@example.com,"USS Vega, FPO AP 54803",2
6,Kara Johnson,57236,jbutler@example.net,"6321 Anderson Gardens Suite 690, Austinborough, MN 05685",1
7,Jonathan Holmes,87288,rjackson@example.net,"620 Miller Tunnel, Tracyfurt, MT 38457",2
8,Nichole Shepherd,60623,wpatterson@example.com,"09402 Kelly Points, Katherineview, AR 04385",3
9,April Brown,73392,amanda92@example.org,"046 Gonzalez Loaf Suite 102, New Christopher, KS 41650",2
10,John Jackson,12033,jonesjoshua@example.org,"80582 Erik Tunnel Suite 786, Lake Justin, HI 31193",5
11,William Grant,51855,lisa39@example.com,"3265 Parker Inlet Apt. 111, West Brianton, VI 03073",5
12,Jennifer Mccoy,64313,cruzjulie@example.net,"2433 Sanchez Parks Apt. 239, Hortonview, AR 45879",1
13,Kristen Hernandez,27125,waltonmichael@example.com,"6738 Theresa Tunnel, East Patricia, IN 63731",2
14,Jonathan Hall,57650,denisedavis@example.org,"5403 Amanda Coves Apt. 077, East Tracyton, TN 33018",5
15,Jasmine Scott,61008,stacy84@example.net,"6439 Christopher Lane, Lake Zachary, MN 18402",2
16,Lindsay Morrison,71393,russell73@example.org,"0942 Hatfield Locks Apt. 784, Port Jasmineberg, CA 47539",2
17,Gary Molina,76834,rsmith@example.com,"800 Scott Drive, Geraldhaven, SD 88395",4
18,Nicholas White,40765,nunezchristopher@example.org,"PSC 8895, Box 9357, APO AA 52185",5
19,Courtney Valdez,43783,jessica95@example.org,"70503 Cooper Station Apt. 695, Reynoldsstad, VA 59956",2
20,Mr. Daniel Williamson IV,34229,nicole57@example.com,"5843 Roberts Loop Suite 767, Waltonshire, MP 48853",4
21,Joan Avila,18186,brenda87@example.net,"554 Jose Row, East Susan, NH 04402",1
22,Daniel Long,88931,gravesjonathan@example.net,"840 Beth Inlet, New Brettland, AR 21594",4
23,Adrian Robinson,10707,dgarcia@example.com,"888 Kimberly Squares, Davistown, CO 98827",4
24,James Savage,76971,gabriel62@example.net,"7493 Medina Crest Suite 179, Port Rebeccaborough, ME 58297",4
25,Lorraine Morales,58349,elizabethjones@example.net,"72748 Gonzalez Garden, West Lindsay, AK 00800",3
26,Bradley Lyons,95511,holly62@example.com,"57095 Anthony Throughway, Lake Andrewfort, WY 25429",4
27,Hayley Fowler,41859,christine84@example.net,"9997 Marshall Parks, West Patrick, SC 32770",4
28,Rhonda Brown,15886,santiagokirk@example.com,"30812 Burns Stravenue Apt. 724, Lake Heather, AK 11368",5
29,Timothy Stephenson,24473,hgordon@example.org,"Unit 3264 Box 2972, DPO AA 36239",1
30,Michael Gillespie,47893,vcole@example.org,"78192 James Knolls Suite 093, New Johnhaven, CA 17093",5
31,Kelly Tucker,33245,hannahhowell@example.net,"Unit 7172 Box 6597, DPO AP 09954",2
32,Brenda Lawrence,48300,patty16@example.com,"USS Phelps, FPO AP 17849",1
33,Shannon Williams,64431,davislaura@example.org,"20245 Kemp Throughway Apt. 480, West Dianefort, DE 92198",3
34,Bradley Mercado,52633,susansexton@example.com,"80151 Khan Port, Leeside, CA 73856",4
35,William Carey,97721,morgananthony@example.com,"8804 Samuel Gateway Suite 993, Randybury, MI 33377",5
36,Amber Jenkins,39932,richardosborn@example.com,"8066 Scott Pines, New Richard, TX 15103",1
37,Danielle Joseph,51229,kaylabradshaw@example.org,"6852 Hernandez Forge, West David, AK 25067",1
38,Vincent Rollins,77400,osbornemartin@example.org,"851 Ochoa Terrace, Ianfort, PR 96654",2
39,Nathaniel Hernandez,53500,pmiller@example.com,"USNS Hall, FPO AE 60294",4
40,Bryan Graham,89090,boothparker@example.org,"6759 Kyle Knoll Apt. 749, Smithfurt, NJ 83680",3
41,Colleen Sanders,17123,todddavid@example.org,"56287 Robert Points Apt. 575, East Elizabeth, AR 89268",2
42,Tanner Farley,23242,dbrady@example.com,"PSC 6684, Box 9781, APO AP 47635",4
43,William Robinson,97947,wpeterson@example.com,"2634 Short Walk, North Ethan, CT 84564",5
44,Stephen Cain,84475,ztrevino@example.org,"22012 Kyle Summit Apt. 751, West Wayne, CT 31199",3
45,Richard Garcia MD,47336,jason40@example.net,"92695 Brandon Roads, Simmonshaven, KY 55644",1
46,Jessica Olson,40623,sandra41@example.com,"0747 Todd Causeway Suite 750, Vanessashire, TN 65124",3
47,Gene Mcintyre Jr.,40808,taylorholly@example.net,"93890 Henry Crossing, Peterland, SC 23626",5
48,Belinda Sparks,69307,williamsanna@example.net,"71465 Jason Springs Suite 620, Wallburgh, DC 48448",1
49,Miranda Mullins,39065,kylereid@example.net,"4780 Gonzales Falls, East Danielstad, WY 86040",4
50,Rebecca Greene,71815,staylor@example.net,"29559 Graham Station, Washingtonview, MO 46968",2
